{
  "type": "FeatureCollection",
  "features": [
    {
      "type": "Feature",
      "properties": {
        "name": "v2.UnivWA-Issaquah",
        "trackNames": [
          "v2.UnivWA-Issaquah"
        ],
        "trackCount": 1,
        "segmentCount": 1,
        "pointCount": 1470
      },
      "geometry": {
        "type": "LineString",
        "coordinates": [
          [
            -122.30462,
            47.65051,
            20.4
          ],
          [
            -122.30511,
            47.65035,
            21.5
          ],
          [
            -122.30514,
            47.65034,
            21.5
          ],
          [
            -122.3052,
            47.65043,
            21.9
          ],
          [
            -122.30528,
            47.65051,
            22.3
          ],
          [
            -122.30538,
            47.65057,
            22.6
          ],
          [
            -122.3055,
            47.65061,
            23
          ],
          [
            -122.30558,
            47.65062,
            23.3
          ],
          [
            -122.30565,
            47.65071,
            23.7
          ],
          [
            -122.30559,
            47.65079,
            24.1
          ],
          [
            -122.30557,
            47.65084,
            24.3
          ],
          [
            -122.30557,
            47.65091,
            24.6
          ],
          [
            -122.30559,
            47.65099,
            25
          ],
          [
            -122.3057,
            47.65115,
            26.6
          ],
          [
            -122.30554,
            47.65118,
            26.8
          ],
          [
            -122.30544,
            47.65119,
            26.8
          ],
          [
            -122.30522,
            47.65115,
            26.3
          ],
          [
            -122.30513,
            47.65112,
            25.9
          ],
          [
            -122.30503,
            47.65108,
            25.3
          ],
          [
            -122.30489,
            47.65099,
            23.2
          ],
          [
            -122.3048,
            47.65103,
            23
          ],
          [
            -122.30432,
            47.65138,
            23.9
          ],
          [
            -122.30407,
            47.65158,
            23.5
          ],
          [
            -122.30386,
            47.65178,
            22.3
          ],
          [
            -122.30369,
            47.65202,
            21.5
          ],
          [
            -122.30355,
            47.65229,
            21.4
          ],
          [
            -122.30339,
            47.65279,
            21.2
          ],
          [
            -122.30314,
            47.65364,
            18
          ],
          [
            -122.30288,
            47.65449,
            17.2
          ],
          [
            -122.30263,
            47.65534,
            17.5
          ],
          [
            -122.30237,
            47.65619,
            17.3
          ],
          [
            -122.30212,
            47.65697,
            16.7
          ],
          [
            -122.30197,
            47.65745,
            16.7
          ],
          [
            -122.30185,
            47.6581,
            17.4
          ],
          [
            -122.30179,
            47.65876,
            18
          ],
          [
            -122.30176,
            47.65923,
            17.9
          ],
          [
            -122.30179,
            47.65988,
            17.7
          ],
          [
            -122.30182,
            47.66013,
            17.8
          ],
          [
            -122.30189,
            47.66052,
            17.3
          ],
          [
            -122.30201,
            47.66103,
            14.8
          ],
          [
            -122.30212,
            47.66154,
            14.9
          ],
          [
            -122.3024,
            47.66229,
            15.3
          ],
          [
            -122.30269,
            47.66305,
            15.4
          ],
          [
            -122.30284,
            47.66353,
            15.5
          ],
          [
            -122.3029,
            47.66386,
            15.5
          ],
          [
            -122.30291,
            47.66421,
            15.4
          ],
          [
            -122.30278,
            47.66478,
            15
          ],
          [
            -122.30278,
            47.66485,
            15
          ],
          [
            -122.3028,
            47.66495,
            15
          ],
          [
            -122.30279,
            47.66507,
            14.8
          ],
          [
            -122.30276,
            47.66513,
            14.8
          ],
          [
            -122.3027,
            47.66521,
            14.8
          ],
          [
            -122.30261,
            47.66529,
            14.5
          ],
          [
            -122.30248,
            47.66542,
            14.4
          ],
          [
            -122.30227,
            47.66559,
            14.2
          ],
          [
            -122.30214,
            47.66568,
            14.1
          ],
          [
            -122.30194,
            47.66581,
            14.3
          ],
          [
            -122.3015,
            47.66604,
            15
          ],
          [
            -122.30118,
            47.66617,
            15
          ],
          [
            -122.30103,
            47.66619,
            15.2
          ],
          [
            -122.30077,
            47.66619,
            15.5
          ],
          [
            -122.30073,
            47.66618,
            15.5
          ],
          [
            -122.30051,
            47.66618,
            15.8
          ],
          [
            -122.30048,
            47.66619,
            15.9
          ],
          [
            -122.30016,
            47.66621,
            17
          ],
          [
            -122.29969,
            47.66623,
            17.5
          ],
          [
            -122.29925,
            47.66621,
            17.7
          ],
          [
            -122.29887,
            47.66617,
            17.9
          ],
          [
            -122.29845,
            47.66609,
            18.2
          ],
          [
            -122.29791,
            47.66591,
            19.5
          ],
          [
            -122.29735,
            47.66567,
            20.1
          ],
          [
            -122.29689,
            47.6654,
            20.4
          ],
          [
            -122.29647,
            47.66511,
            20.1
          ],
          [
            -122.29595,
            47.66471,
            18.8
          ],
          [
            -122.29574,
            47.66453,
            18.7
          ],
          [
            -122.29552,
            47.66444,
            19.7
          ],
          [
            -122.29521,
            47.66416,
            21.4
          ],
          [
            -122.29442,
            47.66352,
            22.8
          ],
          [
            -122.29363,
            47.66288,
            22.8
          ],
          [
            -122.29313,
            47.66254,
            23.1
          ],
          [
            -122.29251,
            47.66222,
            23.7
          ],
          [
            -122.29195,
            47.66196,
            23.6
          ],
          [
            -122.29147,
            47.66177,
            23.6
          ],
          [
            -122.29111,
            47.66164,
            23.6
          ],
          [
            -122.29058,
            47.6615,
            26.6
          ],
          [
            -122.29019,
            47.66142,
            27.3
          ],
          [
            -122.28984,
            47.66138,
            27.4
          ],
          [
            -122.28953,
            47.66136,
            27.6
          ],
          [
            -122.28915,
            47.66137,
            28
          ],
          [
            -122.28897,
            47.66139,
            28.4
          ],
          [
            -122.28848,
            47.66147,
            29
          ],
          [
            -122.28822,
            47.66154,
            29.2
          ],
          [
            -122.28789,
            47.66165,
            29.2
          ],
          [
            -122.28782,
            47.66168,
            29.2
          ],
          [
            -122.28763,
            47.66178,
            29.3
          ],
          [
            -122.28727,
            47.662,
            29.2
          ],
          [
            -122.28711,
            47.66213,
            29.4
          ],
          [
            -122.28696,
            47.66226,
            29.9
          ],
          [
            -122.28671,
            47.66261,
            30.8
          ],
          [
            -122.2865,
            47.66295,
            30.3
          ],
          [
            -122.28639,
            47.66316,
            30.3
          ],
          [
            -122.28621,
            47.6638,
            32.1
          ],
          [
            -122.28608,
            47.66446,
            32.8
          ],
          [
            -122.28601,
            47.66492,
            33.1
          ],
          [
            -122.28594,
            47.66538,
            33.8
          ],
          [
            -122.28581,
            47.66599,
            34.7
          ],
          [
            -122.28574,
            47.66619,
            34.8
          ],
          [
            -122.28569,
            47.6663,
            34.9
          ],
          [
            -122.28555,
            47.66652,
            34.5
          ],
          [
            -122.28541,
            47.66674,
            35.1
          ],
          [
            -122.28506,
            47.66713,
            36
          ],
          [
            -122.28495,
            47.66722,
            36.3
          ],
          [
            -122.28492,
            47.66724,
            36.3
          ],
          [
            -122.28464,
            47.6673,
            36.1
          ],
          [
            -122.28427,
            47.66757,
            36.3
          ],
          [
            -122.28387,
            47.66776,
            36.6
          ],
          [
            -122.28348,
            47.6679,
            36.7
          ],
          [
            -122.28308,
            47.66802,
            37.4
          ],
          [
            -122.28222,
            47.66815,
            39.5
          ],
          [
            -122.28183,
            47.66818,
            40.3
          ],
          [
            -122.28056,
            47.66834,
            41
          ],
          [
            -122.27929,
            47.66851,
            40.8
          ],
          [
            -122.27802,
            47.66867,
            40.9
          ],
          [
            -122.27752,
            47.66872,
            41
          ],
          [
            -122.27697,
            47.66873,
            41.2
          ],
          [
            -122.27605,
            47.66867,
            41.6
          ],
          [
            -122.27559,
            47.66862,
            41.4
          ],
          [
            -122.27535,
            47.6686,
            41.5
          ],
          [
            -122.27477,
            47.66861,
            42.1
          ],
          [
            -122.274,
            47.66867,
            41.7
          ],
          [
            -122.27348,
            47.66884,
            41.1
          ],
          [
            -122.27294,
            47.66911,
            39.6
          ],
          [
            -122.27261,
            47.6694,
            39.2
          ],
          [
            -122.27231,
            47.66977,
            39.5
          ],
          [
            -122.27183,
            47.67042,
            39.5
          ],
          [
            -122.27126,
            47.67119,
            39.1
          ],
          [
            -122.27078,
            47.67178,
            38.1
          ],
          [
            -122.27034,
            47.67221,
            37.8
          ],
          [
            -122.26952,
            47.67283,
            37.3
          ],
          [
            -122.26887,
            47.67328,
            36.9
          ],
          [
            -122.26812,
            47.67381,
            36.9
          ],
          [
            -122.2674,
            47.67443,
            35.6
          ],
          [
            -122.26699,
            47.6749,
            35.4
          ],
          [
            -122.2666,
            47.67567,
            35.8
          ],
          [
            -122.2666,
            47.67569,
            35.9
          ],
          [
            -122.26656,
            47.6758,
            35.8
          ],
          [
            -122.26656,
            47.67581,
            35.8
          ],
          [
            -122.26627,
            47.67662,
            35.6
          ],
          [
            -122.26598,
            47.67742,
            35.1
          ],
          [
            -122.26577,
            47.67802,
            34.6
          ],
          [
            -122.26557,
            47.67862,
            33.1
          ],
          [
            -122.26535,
            47.67931,
            32.6
          ],
          [
            -122.2653,
            47.67944,
            32.6
          ],
          [
            -122.26513,
            47.67995,
            32.3
          ],
          [
            -122.26507,
            47.68028,
            32.2
          ],
          [
            -122.26504,
            47.68059,
            32
          ],
          [
            -122.26504,
            47.68103,
            31.5
          ],
          [
            -122.26513,
            47.68169,
            27.8
          ],
          [
            -122.2652,
            47.68214,
            28.2
          ],
          [
            -122.26527,
            47.68259,
            28.5
          ],
          [
            -122.26533,
            47.68308,
            28.3
          ],
          [
            -122.26539,
            47.68356,
            28.1
          ],
          [
            -122.26546,
            47.68409,
            28
          ],
          [
            -122.26553,
            47.68462,
            28.7
          ],
          [
            -122.26558,
            47.68509,
            28.8
          ],
          [
            -122.26563,
            47.68557,
            28.5
          ],
          [
            -122.26563,
            47.68557,
            28.5
          ],
          [
            -122.26573,
            47.6862,
            27.8
          ],
          [
            -122.26606,
            47.68699,
            27.7
          ],
          [
            -122.26609,
            47.68709,
            27.6
          ],
          [
            -122.26637,
            47.68781,
            27.4
          ],
          [
            -122.26666,
            47.68853,
            23.7
          ],
          [
            -122.26687,
            47.6889,
            23.4
          ],
          [
            -122.26702,
            47.68911,
            23.4
          ],
          [
            -122.2674,
            47.68957,
            23.6
          ],
          [
            -122.26777,
            47.69003,
            23.4
          ],
          [
            -122.26836,
            47.69073,
            22.4
          ],
          [
            -122.26844,
            47.69082,
            22.2
          ],
          [
            -122.26861,
            47.69098,
            21.9
          ],
          [
            -122.26886,
            47.69116,
            21.6
          ],
          [
            -122.26938,
            47.69152,
            22.2
          ],
          [
            -122.2699,
            47.69187,
            22.1
          ],
          [
            -122.27066,
            47.69233,
            21.6
          ],
          [
            -122.27103,
            47.69252,
            21.1
          ],
          [
            -122.27134,
            47.69265,
            20.8
          ],
          [
            -122.27186,
            47.69282,
            22.2
          ],
          [
            -122.27195,
            47.69285,
            22.2
          ],
          [
            -122.27261,
            47.69303,
            22.1
          ],
          [
            -122.27326,
            47.69322,
            18.8
          ],
          [
            -122.27368,
            47.69333,
            18.3
          ],
          [
            -122.27399,
            47.69339,
            18.1
          ],
          [
            -122.27521,
            47.69357,
            18.7
          ],
          [
            -122.27644,
            47.69375,
            18.7
          ],
          [
            -122.27677,
            47.69382,
            18.4
          ],
          [
            -122.27691,
            47.69385,
            18.3
          ],
          [
            -122.2772,
            47.69396,
            17.7
          ],
          [
            -122.27752,
            47.69413,
            17.1
          ],
          [
            -122.27768,
            47.69424,
            17.4
          ],
          [
            -122.27806,
            47.69462,
            17.9
          ],
          [
            -122.27819,
            47.69491,
            17.4
          ],
          [
            -122.27826,
            47.69524,
            17.5
          ],
          [
            -122.27823,
            47.69553,
            17.4
          ],
          [
            -122.27817,
            47.69569,
            17.4
          ],
          [
            -122.27811,
            47.69583,
            17.4
          ],
          [
            -122.27803,
            47.69597,
            17.4
          ],
          [
            -122.2779,
            47.69613,
            17.2
          ],
          [
            -122.27776,
            47.69625,
            16.8
          ],
          [
            -122.27761,
            47.69637,
            15.7
          ],
          [
            -122.27742,
            47.69649,
            16.3
          ],
          [
            -122.27728,
            47.69656,
            16.7
          ],
          [
            -122.27711,
            47.69663,
            17.2
          ],
          [
            -122.27686,
            47.69672,
            17.9
          ],
          [
            -122.27607,
            47.69696,
            20
          ],
          [
            -122.27536,
            47.69718,
            19.9
          ],
          [
            -122.27522,
            47.69723,
            19.1
          ],
          [
            -122.27493,
            47.69736,
            18.5
          ],
          [
            -122.27457,
            47.69755,
            17.6
          ],
          [
            -122.27418,
            47.6978,
            19.6
          ],
          [
            -122.27386,
            47.69807,
            20.6
          ],
          [
            -122.27358,
            47.69842,
            20.2
          ],
          [
            -122.2734,
            47.69866,
            18.4
          ],
          [
            -122.27329,
            47.69888,
            17.7
          ],
          [
            -122.27322,
            47.69908,
            17.5
          ],
          [
            -122.27316,
            47.69931,
            17.3
          ],
          [
            -122.27313,
            47.69955,
            16.7
          ],
          [
            -122.27314,
            47.6998,
            15.8
          ],
          [
            -122.27317,
            47.70002,
            15.2
          ],
          [
            -122.27351,
            47.70084,
            15.7
          ],
          [
            -122.27385,
            47.70166,
            16
          ],
          [
            -122.27419,
            47.70248,
            15.3
          ],
          [
            -122.27453,
            47.70329,
            9.6
          ],
          [
            -122.27487,
            47.70409,
            9.2
          ],
          [
            -122.27521,
            47.70489,
            9.1
          ],
          [
            -122.27547,
            47.70558,
            9.6
          ],
          [
            -122.27551,
            47.70574,
            9.7
          ],
          [
            -122.27553,
            47.70586,
            9.8
          ],
          [
            -122.27553,
            47.70603,
            9.8
          ],
          [
            -122.27544,
            47.7069,
            9.1
          ],
          [
            -122.27544,
            47.70709,
            9.1
          ],
          [
            -122.27546,
            47.70726,
            9.1
          ],
          [
            -122.27556,
            47.7076,
            9.2
          ],
          [
            -122.27575,
            47.70806,
            9.2
          ],
          [
            -122.27604,
            47.70874,
            9.2
          ],
          [
            -122.27642,
            47.70959,
            9.4
          ],
          [
            -122.2766,
            47.71007,
            9.4
          ],
          [
            -122.27678,
            47.71055,
            9.6
          ],
          [
            -122.27685,
            47.71081,
            9.4
          ],
          [
            -122.27688,
            47.71099,
            9.4
          ],
          [
            -122.27688,
            47.71099,
            9.4
          ],
          [
            -122.27695,
            47.71148,
            9.2
          ],
          [
            -122.277,
            47.712,
            9.2
          ],
          [
            -122.27707,
            47.71257,
            9
          ],
          [
            -122.27722,
            47.71309,
            9
          ],
          [
            -122.27738,
            47.71361,
            8.9
          ],
          [
            -122.27757,
            47.71417,
            9
          ],
          [
            -122.27775,
            47.71474,
            8.7
          ],
          [
            -122.27799,
            47.71534,
            8.9
          ],
          [
            -122.27823,
            47.71594,
            8.6
          ],
          [
            -122.27843,
            47.71656,
            8.5
          ],
          [
            -122.27864,
            47.71715,
            8.8
          ],
          [
            -122.27884,
            47.71773,
            9
          ],
          [
            -122.27904,
            47.71831,
            9
          ],
          [
            -122.27921,
            47.71868,
            9.1
          ],
          [
            -122.27939,
            47.71893,
            9.1
          ],
          [
            -122.27948,
            47.71902,
            9.1
          ],
          [
            -122.27973,
            47.71924,
            9.1
          ],
          [
            -122.28058,
            47.71985,
            7.3
          ],
          [
            -122.28094,
            47.72022,
            8.9
          ],
          [
            -122.28114,
            47.72053,
            9.1
          ],
          [
            -122.28124,
            47.72081,
            9.2
          ],
          [
            -122.28142,
            47.72157,
            9.3
          ],
          [
            -122.28154,
            47.72226,
            9.5
          ],
          [
            -122.28156,
            47.72258,
            9.6
          ],
          [
            -122.28152,
            47.72276,
            9.5
          ],
          [
            -122.28147,
            47.72292,
            9.4
          ],
          [
            -122.28125,
            47.72352,
            9
          ],
          [
            -122.28102,
            47.72412,
            9
          ],
          [
            -122.28082,
            47.72479,
            8.9
          ],
          [
            -122.28067,
            47.72521,
            8.5
          ],
          [
            -122.28066,
            47.72562,
            9.1
          ],
          [
            -122.28078,
            47.72612,
            8.9
          ],
          [
            -122.28102,
            47.72664,
            9.4
          ],
          [
            -122.28126,
            47.72707,
            9.5
          ],
          [
            -122.28149,
            47.72749,
            9.4
          ],
          [
            -122.28184,
            47.72811,
            9.5
          ],
          [
            -122.2822,
            47.72872,
            9.8
          ],
          [
            -122.28231,
            47.72902,
            9.8
          ],
          [
            -122.28235,
            47.72922,
            9.5
          ],
          [
            -122.28238,
            47.72948,
            9.6
          ],
          [
            -122.28235,
            47.72965,
            9.5
          ],
          [
            -122.28234,
            47.72997,
            10.7
          ],
          [
            -122.28215,
            47.73068,
            9.8
          ],
          [
            -122.28214,
            47.73087,
            9.8
          ],
          [
            -122.28215,
            47.73107,
            10
          ],
          [
            -122.28221,
            47.73137,
            9.5
          ],
          [
            -122.28227,
            47.73155,
            9
          ],
          [
            -122.28246,
            47.73181,
            8.4
          ],
          [
            -122.28257,
            47.73193,
            8.2
          ],
          [
            -122.28278,
            47.73212,
            7.8
          ],
          [
            -122.28306,
            47.73233,
            7.4
          ],
          [
            -122.284,
            47.73294,
            8.7
          ],
          [
            -122.28445,
            47.73332,
            9.6
          ],
          [
            -122.28463,
            47.73364,
            9.6
          ],
          [
            -122.28469,
            47.73376,
            9.5
          ],
          [
            -122.28481,
            47.73414,
            9.4
          ],
          [
            -122.28492,
            47.73453,
            9.5
          ],
          [
            -122.28497,
            47.73469,
            9.4
          ],
          [
            -122.28515,
            47.73508,
            9.4
          ],
          [
            -122.28538,
            47.73542,
            9.6
          ],
          [
            -122.28569,
            47.73584,
            9.8
          ],
          [
            -122.28575,
            47.73592,
            9.7
          ],
          [
            -122.28621,
            47.73662,
            8.5
          ],
          [
            -122.28638,
            47.73697,
            9.6
          ],
          [
            -122.28643,
            47.73714,
            9.8
          ],
          [
            -122.28647,
            47.73743,
            9.8
          ],
          [
            -122.28646,
            47.73764,
            9.9
          ],
          [
            -122.28638,
            47.73796,
            10.1
          ],
          [
            -122.28634,
            47.73808,
            10.1
          ],
          [
            -122.28617,
            47.73837,
            9.9
          ],
          [
            -122.286,
            47.7386,
            9.6
          ],
          [
            -122.28552,
            47.73924,
            10.1
          ],
          [
            -122.28504,
            47.73988,
            9.7
          ],
          [
            -122.28488,
            47.74016,
            9.8
          ],
          [
            -122.28476,
            47.74041,
            9.8
          ],
          [
            -122.28469,
            47.74072,
            11
          ],
          [
            -122.28468,
            47.74084,
            11.9
          ],
          [
            -122.28467,
            47.74135,
            12.7
          ],
          [
            -122.28467,
            47.74188,
            12.6
          ],
          [
            -122.28468,
            47.74241,
            12.8
          ],
          [
            -122.28463,
            47.74299,
            11.4
          ],
          [
            -122.28458,
            47.74334,
            11.8
          ],
          [
            -122.28451,
            47.74368,
            12
          ],
          [
            -122.28434,
            47.74451,
            12
          ],
          [
            -122.28417,
            47.74534,
            12.1
          ],
          [
            -122.28401,
            47.74617,
            12.2
          ],
          [
            -122.28388,
            47.74653,
            12.1
          ],
          [
            -122.28356,
            47.74713,
            11.9
          ],
          [
            -122.28324,
            47.74774,
            12
          ],
          [
            -122.28318,
            47.74786,
            12.1
          ],
          [
            -122.28279,
            47.7486,
            10.4
          ],
          [
            -122.2824,
            47.74934,
            11
          ],
          [
            -122.28201,
            47.75008,
            12.5
          ],
          [
            -122.28168,
            47.75067,
            10.8
          ],
          [
            -122.28143,
            47.75098,
            9.9
          ],
          [
            -122.2811,
            47.75126,
            9.6
          ],
          [
            -122.28088,
            47.75143,
            9.5
          ],
          [
            -122.2807,
            47.75154,
            9.4
          ],
          [
            -122.28033,
            47.75173,
            9.2
          ],
          [
            -122.28022,
            47.75187,
            9.4
          ],
          [
            -122.2802,
            47.75189,
            9.4
          ],
          [
            -122.28002,
            47.75198,
            9.6
          ],
          [
            -122.28,
            47.75197,
            9.5
          ],
          [
            -122.27989,
            47.75195,
            9.5
          ],
          [
            -122.27979,
            47.75196,
            9.5
          ],
          [
            -122.27903,
            47.75227,
            9.7
          ],
          [
            -122.27827,
            47.75257,
            10.1
          ],
          [
            -122.27752,
            47.75287,
            10.3
          ],
          [
            -122.2773,
            47.75296,
            10.4
          ],
          [
            -122.27645,
            47.75334,
            10.7
          ],
          [
            -122.2764,
            47.75344,
            11.4
          ],
          [
            -122.2764,
            47.75345,
            11.5
          ],
          [
            -122.27619,
            47.75352,
            11.4
          ],
          [
            -122.27618,
            47.75351,
            11.3
          ],
          [
            -122.27608,
            47.7535,
            11.1
          ],
          [
            -122.27603,
            47.7535,
            11
          ],
          [
            -122.27593,
            47.75352,
            11.4
          ],
          [
            -122.27486,
            47.75401,
            13.4
          ],
          [
            -122.27448,
            47.7542,
            13.7
          ],
          [
            -122.27404,
            47.75443,
            14
          ],
          [
            -122.27315,
            47.75494,
            13.9
          ],
          [
            -122.27227,
            47.75545,
            13.5
          ],
          [
            -122.27199,
            47.75563,
            13.8
          ],
          [
            -122.27181,
            47.75577,
            14.8
          ],
          [
            -122.27135,
            47.75618,
            13.8
          ],
          [
            -122.2709,
            47.75659,
            14.8
          ],
          [
            -122.27065,
            47.75678,
            16.3
          ],
          [
            -122.27028,
            47.75699,
            16.8
          ],
          [
            -122.2701,
            47.75707,
            16.4
          ],
          [
            -122.26974,
            47.7572,
            15
          ],
          [
            -122.26945,
            47.75729,
            15
          ],
          [
            -122.2688,
            47.75741,
            14.2
          ],
          [
            -122.26781,
            47.75756,
            14.8
          ],
          [
            -122.26708,
            47.75767,
            13.3
          ],
          [
            -122.26618,
            47.75783,
            13.7
          ],
          [
            -122.26529,
            47.758,
            14.5
          ],
          [
            -122.26512,
            47.75802,
            14.7
          ],
          [
            -122.26491,
            47.75803,
            14.6
          ],
          [
            -122.26467,
            47.75803,
            14.4
          ],
          [
            -122.26429,
            47.75801,
            13.8
          ],
          [
            -122.26397,
            47.758,
            13.6
          ],
          [
            -122.26424,
            47.75788,
            11.8
          ],
          [
            -122.26429,
            47.75783,
            11
          ],
          [
            -122.26454,
            47.75784,
            11.2
          ],
          [
            -122.26484,
            47.75776,
            9.9
          ],
          [
            -122.26487,
            47.75777,
            10.1
          ],
          [
            -122.26487,
            47.75777,
            10.1
          ],
          [
            -122.26484,
            47.75776,
            9.9
          ],
          [
            -122.26454,
            47.75784,
            11.2
          ],
          [
            -122.26429,
            47.75783,
            11
          ],
          [
            -122.26424,
            47.75788,
            11.8
          ],
          [
            -122.26397,
            47.758,
            13.6
          ],
          [
            -122.2627,
            47.75797,
            13.3
          ],
          [
            -122.26262,
            47.75797,
            13.3
          ],
          [
            -122.2624,
            47.75791,
            12.8
          ],
          [
            -122.26231,
            47.7579,
            12.7
          ],
          [
            -122.26217,
            47.75792,
            12.9
          ],
          [
            -122.26189,
            47.75792,
            12.9
          ],
          [
            -122.26185,
            47.75792,
            12.9
          ],
          [
            -122.26174,
            47.75793,
            13
          ],
          [
            -122.26166,
            47.75793,
            13
          ],
          [
            -122.26089,
            47.75797,
            13.2
          ],
          [
            -122.25974,
            47.75805,
            13.2
          ],
          [
            -122.25859,
            47.75813,
            13.1
          ],
          [
            -122.25744,
            47.75821,
            12.9
          ],
          [
            -122.25629,
            47.7583,
            13.3
          ],
          [
            -122.2556,
            47.75833,
            13.3
          ],
          [
            -122.25491,
            47.75837,
            13.4
          ],
          [
            -122.25377,
            47.75835,
            10.6
          ],
          [
            -122.25342,
            47.75835,
            10.1
          ],
          [
            -122.2532,
            47.7584,
            10.3
          ],
          [
            -122.25257,
            47.75839,
            10.2
          ],
          [
            -122.25192,
            47.75836,
            9.8
          ],
          [
            -122.25125,
            47.75831,
            9
          ],
          [
            -122.24999,
            47.7582,
            9.5
          ],
          [
            -122.24952,
            47.75815,
            9.7
          ],
          [
            -122.24856,
            47.75802,
            10.2
          ],
          [
            -122.24835,
            47.75799,
            10.2
          ],
          [
            -122.24722,
            47.7578,
            10
          ],
          [
            -122.24609,
            47.75761,
            9.6
          ],
          [
            -122.24497,
            47.75742,
            9.3
          ],
          [
            -122.24388,
            47.75724,
            8.8
          ],
          [
            -122.24346,
            47.75717,
            8.7
          ],
          [
            -122.24226,
            47.75697,
            8.3
          ],
          [
            -122.24195,
            47.75691,
            8.4
          ],
          [
            -122.24109,
            47.75677,
            8.3
          ],
          [
            -122.24023,
            47.75662,
            8.2
          ],
          [
            -122.23925,
            47.75646,
            7.9
          ],
          [
            -122.23827,
            47.7563,
            7.7
          ],
          [
            -122.2373,
            47.75615,
            7.5
          ],
          [
            -122.23618,
            47.75597,
            7.3
          ],
          [
            -122.2356,
            47.75589,
            7.3
          ],
          [
            -122.23474,
            47.75576,
            7.3
          ],
          [
            -122.23403,
            47.75562,
            8.6
          ],
          [
            -122.23375,
            47.75555,
            9.2
          ],
          [
            -122.23331,
            47.75541,
            10.1
          ],
          [
            -122.23235,
            47.75506,
            12.3
          ],
          [
            -122.23139,
            47.75471,
            13.1
          ],
          [
            -122.23044,
            47.75435,
            13.4
          ],
          [
            -122.22948,
            47.754,
            13.8
          ],
          [
            -122.22896,
            47.75383,
            14
          ],
          [
            -122.22829,
            47.75363,
            18.2
          ],
          [
            -122.22712,
            47.75326,
            18.3
          ],
          [
            -122.22596,
            47.75289,
            15
          ],
          [
            -122.22545,
            47.75277,
            17.7
          ],
          [
            -122.22468,
            47.75267,
            19.6
          ],
          [
            -122.22401,
            47.75262,
            17.6
          ],
          [
            -122.22386,
            47.75262,
            17.7
          ],
          [
            -122.22372,
            47.75262,
            17.8
          ],
          [
            -122.22248,
            47.75257,
            18
          ],
          [
            -122.22125,
            47.75252,
            19
          ],
          [
            -122.2209,
            47.7525,
            19.3
          ],
          [
            -122.22074,
            47.75248,
            19.4
          ],
          [
            -122.22022,
            47.75242,
            19.8
          ],
          [
            -122.21937,
            47.75224,
            19.8
          ],
          [
            -122.21865,
            47.75202,
            19.9
          ],
          [
            -122.21813,
            47.75182,
            19.5
          ],
          [
            -122.21765,
            47.75158,
            19
          ],
          [
            -122.21689,
            47.75123,
            19.2
          ],
          [
            -122.21614,
            47.75088,
            18.6
          ],
          [
            -122.21542,
            47.75056,
            18.3
          ],
          [
            -122.2147,
            47.75024,
            18.9
          ],
          [
            -122.21425,
            47.75013,
            19.3
          ],
          [
            -122.21372,
            47.75001,
            19.2
          ],
          [
            -122.21328,
            47.75001,
            20.2
          ],
          [
            -122.21293,
            47.75005,
            20
          ],
          [
            -122.21197,
            47.75015,
            19.7
          ],
          [
            -122.21187,
            47.75016,
            19.6
          ],
          [
            -122.21119,
            47.75031,
            19.4
          ],
          [
            -122.2109,
            47.75039,
            17.8
          ],
          [
            -122.21082,
            47.75053,
            17.3
          ],
          [
            -122.21073,
            47.7508,
            14.9
          ],
          [
            -122.21074,
            47.75111,
            10.9
          ],
          [
            -122.21071,
            47.75124,
            8.6
          ],
          [
            -122.21048,
            47.75157,
            6.6
          ],
          [
            -122.21025,
            47.75184,
            6.6
          ],
          [
            -122.21014,
            47.752,
            6.4
          ],
          [
            -122.21013,
            47.75207,
            6.4
          ],
          [
            -122.21014,
            47.75215,
            6.5
          ],
          [
            -122.21016,
            47.75221,
            6.5
          ],
          [
            -122.21021,
            47.75228,
            6.8
          ],
          [
            -122.21035,
            47.75233,
            7.2
          ],
          [
            -122.21035,
            47.75236,
            7.3
          ],
          [
            -122.21033,
            47.75237,
            7.4
          ],
          [
            -122.20975,
            47.75266,
            9.3
          ],
          [
            -122.20963,
            47.75273,
            9.8
          ],
          [
            -122.20965,
            47.753,
            10.9
          ],
          [
            -122.20973,
            47.7532,
            9.9
          ],
          [
            -122.20975,
            47.75332,
            9.5
          ],
          [
            -122.20974,
            47.75344,
            9.4
          ],
          [
            -122.20969,
            47.7536,
            9.7
          ],
          [
            -122.20953,
            47.75382,
            12.2
          ],
          [
            -122.2096,
            47.75408,
            11
          ],
          [
            -122.20967,
            47.75426,
            8.9
          ],
          [
            -122.20968,
            47.75454,
            7.4
          ],
          [
            -122.20962,
            47.75479,
            7.2
          ],
          [
            -122.20952,
            47.75533,
            7.1
          ],
          [
            -122.20948,
            47.75545,
            6.9
          ],
          [
            -122.20913,
            47.75588,
            6.8
          ],
          [
            -122.20911,
            47.75612,
            6.7
          ],
          [
            -122.20925,
            47.75644,
            6.2
          ],
          [
            -122.20927,
            47.75674,
            6.2
          ],
          [
            -122.20926,
            47.75682,
            6.2
          ],
          [
            -122.20925,
            47.75687,
            6.2
          ],
          [
            -122.20918,
            47.75697,
            6.3
          ],
          [
            -122.20908,
            47.75706,
            6.3
          ],
          [
            -122.20896,
            47.75712,
            6.3
          ],
          [
            -122.20849,
            47.75727,
            6.4
          ],
          [
            -122.20835,
            47.75731,
            6.3
          ],
          [
            -122.2082,
            47.75733,
            6.3
          ],
          [
            -122.20773,
            47.75742,
            6.2
          ],
          [
            -122.20751,
            47.75747,
            6.2
          ],
          [
            -122.20677,
            47.75759,
            6.2
          ],
          [
            -122.20651,
            47.75768,
            6.3
          ],
          [
            -122.20611,
            47.75792,
            6.3
          ],
          [
            -122.20581,
            47.75809,
            6.3
          ],
          [
            -122.20535,
            47.75826,
            6.4
          ],
          [
            -122.20522,
            47.75832,
            6.4
          ],
          [
            -122.205,
            47.75835,
            6.4
          ],
          [
            -122.20482,
            47.75839,
            6.4
          ],
          [
            -122.20468,
            47.75858,
            6.3
          ],
          [
            -122.2046,
            47.75867,
            6.3
          ],
          [
            -122.20455,
            47.75872,
            6.3
          ],
          [
            -122.2044,
            47.75881,
            6.3
          ],
          [
            -122.20431,
            47.75884,
            6.3
          ],
          [
            -122.20422,
            47.75887,
            6.2
          ],
          [
            -122.20412,
            47.75888,
            6.2
          ],
          [
            -122.20396,
            47.75889,
            6.2
          ],
          [
            -122.20382,
            47.75888,
            6.2
          ],
          [
            -122.20374,
            47.75886,
            6.3
          ],
          [
            -122.2037,
            47.75884,
            6.3
          ],
          [
            -122.20367,
            47.75881,
            6.3
          ],
          [
            -122.20343,
            47.75847,
            6.2
          ],
          [
            -122.20322,
            47.75828,
            6.3
          ],
          [
            -122.20293,
            47.75814,
            6.3
          ],
          [
            -122.20209,
            47.75796,
            6.3
          ],
          [
            -122.20125,
            47.75777,
            6.4
          ],
          [
            -122.20042,
            47.75756,
            6.4
          ],
          [
            -122.20017,
            47.75752,
            6.4
          ],
          [
            -122.19959,
            47.75752,
            6.5
          ],
          [
            -122.19939,
            47.75753,
            6.6
          ],
          [
            -122.19929,
            47.75752,
            6.7
          ],
          [
            -122.19893,
            47.75735,
            7.4
          ],
          [
            -122.19837,
            47.75695,
            7.4
          ],
          [
            -122.19773,
            47.75645,
            7.1
          ],
          [
            -122.1971,
            47.75592,
            7.1
          ],
          [
            -122.19697,
            47.75577,
            7.3
          ],
          [
            -122.19674,
            47.75559,
            7.2
          ],
          [
            -122.19654,
            47.75518,
            6.8
          ],
          [
            -122.19645,
            47.75492,
            7.2
          ],
          [
            -122.19586,
            47.75514,
            8
          ],
          [
            -122.19583,
            47.75515,
            8.1
          ],
          [
            -122.19576,
            47.75509,
            8.2
          ],
          [
            -122.19568,
            47.75504,
            8.3
          ],
          [
            -122.19558,
            47.755,
            8.5
          ],
          [
            -122.19511,
            47.75496,
            8.8
          ],
          [
            -122.19502,
            47.75497,
            9.2
          ],
          [
            -122.19492,
            47.75499,
            10.1
          ],
          [
            -122.19484,
            47.75501,
            11.1
          ],
          [
            -122.19474,
            47.75502,
            12.2
          ],
          [
            -122.19461,
            47.755,
            13.5
          ],
          [
            -122.1944,
            47.75496,
            14.7
          ],
          [
            -122.19408,
            47.75492,
            14.9
          ],
          [
            -122.19374,
            47.7549,
            14.7
          ],
          [
            -122.19348,
            47.75491,
            13.4
          ],
          [
            -122.1935,
            47.75501,
            14.3
          ],
          [
            -122.1932,
            47.75503,
            12.9
          ],
          [
            -122.19211,
            47.75518,
            11.3
          ],
          [
            -122.19101,
            47.75534,
            9.7
          ],
          [
            -122.18992,
            47.75549,
            8
          ],
          [
            -122.1898,
            47.75554,
            7.7
          ],
          [
            -122.18973,
            47.75562,
            7.6
          ],
          [
            -122.18967,
            47.7558,
            7.5
          ],
          [
            -122.18957,
            47.75592,
            7.3
          ],
          [
            -122.18922,
            47.75624,
            7
          ],
          [
            -122.18914,
            47.7563,
            7
          ],
          [
            -122.18862,
            47.75633,
            6.8
          ],
          [
            -122.18847,
            47.75634,
            6.7
          ],
          [
            -122.18812,
            47.7563,
            6.6
          ],
          [
            -122.18743,
            47.75629,
            6.6
          ],
          [
            -122.1873,
            47.7563,
            6.6
          ],
          [
            -122.18716,
            47.75633,
            6.6
          ],
          [
            -122.18698,
            47.75638,
            6.6
          ],
          [
            -122.18664,
            47.75649,
            6.6
          ],
          [
            -122.18642,
            47.75659,
            6.6
          ],
          [
            -122.18612,
            47.75678,
            6.6
          ],
          [
            -122.18594,
            47.75686,
            6.7
          ],
          [
            -122.1854,
            47.75704,
            6.7
          ],
          [
            -122.18516,
            47.75709,
            6.7
          ],
          [
            -122.18498,
            47.75715,
            6.7
          ],
          [
            -122.18489,
            47.75717,
            6.7
          ],
          [
            -122.18447,
            47.7572,
            6.7
          ],
          [
            -122.18431,
            47.75724,
            6.7
          ],
          [
            -122.18407,
            47.75726,
            6.8
          ],
          [
            -122.18368,
            47.7573,
            6.8
          ],
          [
            -122.1834,
            47.75729,
            6.9
          ],
          [
            -122.18311,
            47.7573,
            6.9
          ],
          [
            -122.18274,
            47.75725,
            6.9
          ],
          [
            -122.18238,
            47.75726,
            7
          ],
          [
            -122.18183,
            47.75729,
            7.2
          ],
          [
            -122.18154,
            47.75733,
            7.2
          ],
          [
            -122.18094,
            47.75738,
            7.3
          ],
          [
            -122.18051,
            47.7574,
            7.2
          ],
          [
            -122.18036,
            47.75744,
            7.1
          ],
          [
            -122.18028,
            47.75749,
            7.1
          ],
          [
            -122.17999,
            47.75782,
            7.2
          ],
          [
            -122.17984,
            47.75792,
            7.2
          ],
          [
            -122.17974,
            47.75798,
            7.2
          ],
          [
            -122.17935,
            47.75812,
            7.2
          ],
          [
            -122.17914,
            47.75816,
            7.3
          ],
          [
            -122.17887,
            47.75816,
            7.3
          ],
          [
            -122.17874,
            47.75814,
            7.3
          ],
          [
            -122.17861,
            47.75811,
            7.2
          ],
          [
            -122.17849,
            47.75808,
            7.1
          ],
          [
            -122.17835,
            47.75802,
            7
          ],
          [
            -122.17813,
            47.75786,
            7
          ],
          [
            -122.17807,
            47.75782,
            7
          ],
          [
            -122.17799,
            47.75779,
            7
          ],
          [
            -122.17774,
            47.75777,
            7.2
          ],
          [
            -122.17738,
            47.75773,
            7.5
          ],
          [
            -122.17664,
            47.75758,
            7.4
          ],
          [
            -122.17629,
            47.75754,
            7.2
          ],
          [
            -122.17618,
            47.75754,
            7.2
          ],
          [
            -122.17588,
            47.75756,
            7.2
          ],
          [
            -122.17572,
            47.75757,
            7.2
          ],
          [
            -122.17547,
            47.75756,
            7.3
          ],
          [
            -122.17526,
            47.75753,
            7.4
          ],
          [
            -122.17517,
            47.7575,
            7.4
          ],
          [
            -122.17507,
            47.75747,
            7.4
          ],
          [
            -122.17478,
            47.75736,
            7.3
          ],
          [
            -122.17464,
            47.75732,
            7.3
          ],
          [
            -122.17451,
            47.75732,
            7.3
          ],
          [
            -122.17423,
            47.75735,
            7.3
          ],
          [
            -122.17406,
            47.75736,
            7.3
          ],
          [
            -122.17394,
            47.75736,
            7.3
          ],
          [
            -122.17374,
            47.75734,
            7.4
          ],
          [
            -122.17349,
            47.75728,
            7.4
          ],
          [
            -122.17336,
            47.75724,
            7.4
          ],
          [
            -122.1732,
            47.75718,
            7.4
          ],
          [
            -122.17302,
            47.7571,
            7.5
          ],
          [
            -122.17282,
            47.75696,
            7.4
          ],
          [
            -122.17267,
            47.75685,
            7.3
          ],
          [
            -122.17226,
            47.75645,
            7.4
          ],
          [
            -122.17217,
            47.75638,
            7.4
          ],
          [
            -122.17171,
            47.75612,
            7.4
          ],
          [
            -122.17131,
            47.75594,
            7.3
          ],
          [
            -122.17065,
            47.75566,
            7.3
          ],
          [
            -122.17044,
            47.75557,
            7.3
          ],
          [
            -122.17023,
            47.75544,
            7.3
          ],
          [
            -122.16988,
            47.75522,
            7.2
          ],
          [
            -122.16978,
            47.75518,
            7.2
          ],
          [
            -122.16942,
            47.75509,
            7.2
          ],
          [
            -122.16906,
            47.75503,
            7.3
          ],
          [
            -122.16895,
            47.75499,
            7.3
          ],
          [
            -122.16872,
            47.75488,
            7.4
          ],
          [
            -122.1686,
            47.75483,
            7.5
          ],
          [
            -122.16852,
            47.75476,
            7.6
          ],
          [
            -122.16831,
            47.75455,
            13.5
          ],
          [
            -122.16827,
            47.75448,
            14.3
          ],
          [
            -122.16831,
            47.75438,
            14.3
          ],
          [
            -122.16833,
            47.75426,
            10.4
          ],
          [
            -122.16829,
            47.75414,
            8
          ],
          [
            -122.16824,
            47.75407,
            7.5
          ],
          [
            -122.16806,
            47.75396,
            7.2
          ],
          [
            -122.16797,
            47.75392,
            7.4
          ],
          [
            -122.16768,
            47.75383,
            7.8
          ],
          [
            -122.16759,
            47.75379,
            7.4
          ],
          [
            -122.16745,
            47.75371,
            7.1
          ],
          [
            -122.16736,
            47.75364,
            7.2
          ],
          [
            -122.16717,
            47.75345,
            7.5
          ],
          [
            -122.16704,
            47.75337,
            7.7
          ],
          [
            -122.16691,
            47.75332,
            7.8
          ],
          [
            -122.16675,
            47.75329,
            8
          ],
          [
            -122.16659,
            47.75327,
            8.2
          ],
          [
            -122.16646,
            47.75324,
            8.3
          ],
          [
            -122.16633,
            47.75319,
            8.4
          ],
          [
            -122.1662,
            47.75312,
            8.4
          ],
          [
            -122.16613,
            47.75305,
            8.4
          ],
          [
            -122.16608,
            47.75297,
            8.4
          ],
          [
            -122.16604,
            47.75286,
            8.3
          ],
          [
            -122.16603,
            47.75277,
            8.2
          ],
          [
            -122.16613,
            47.75259,
            8
          ],
          [
            -122.16624,
            47.75246,
            7.8
          ],
          [
            -122.1663,
            47.75227,
            7.5
          ],
          [
            -122.16628,
            47.75216,
            7.4
          ],
          [
            -122.16601,
            47.75167,
            7.5
          ],
          [
            -122.16575,
            47.75118,
            7.6
          ],
          [
            -122.16558,
            47.75097,
            7.5
          ],
          [
            -122.16539,
            47.75075,
            7.5
          ],
          [
            -122.16506,
            47.75047,
            7.5
          ],
          [
            -122.16459,
            47.75014,
            7.4
          ],
          [
            -122.1645,
            47.75001,
            7.4
          ],
          [
            -122.16432,
            47.74936,
            7.2
          ],
          [
            -122.16427,
            47.74928,
            7.3
          ],
          [
            -122.16411,
            47.74919,
            7.3
          ],
          [
            -122.16358,
            47.74909,
            7.8
          ],
          [
            -122.16328,
            47.74896,
            7.9
          ],
          [
            -122.16306,
            47.74884,
            8
          ],
          [
            -122.16257,
            47.74838,
            7.6
          ],
          [
            -122.16242,
            47.74831,
            7.7
          ],
          [
            -122.16147,
            47.74815,
            7.9
          ],
          [
            -122.16121,
            47.74808,
            8
          ],
          [
            -122.16105,
            47.74802,
            8.1
          ],
          [
            -122.1604,
            47.74762,
            8
          ],
          [
            -122.16019,
            47.74748,
            8
          ],
          [
            -122.15969,
            47.74709,
            7.9
          ],
          [
            -122.15937,
            47.74679,
            7.9
          ],
          [
            -122.15904,
            47.74644,
            7.9
          ],
          [
            -122.15859,
            47.74604,
            7.9
          ],
          [
            -122.15814,
            47.74565,
            7.9
          ],
          [
            -122.15794,
            47.74549,
            7.9
          ],
          [
            -122.15778,
            47.74541,
            7.9
          ],
          [
            -122.15709,
            47.74516,
            7.9
          ],
          [
            -122.15639,
            47.74492,
            8
          ],
          [
            -122.15619,
            47.74482,
            8.1
          ],
          [
            -122.15591,
            47.74462,
            8.1
          ],
          [
            -122.1554,
            47.74418,
            8.1
          ],
          [
            -122.15487,
            47.74376,
            8.1
          ],
          [
            -122.15435,
            47.74335,
            8.2
          ],
          [
            -122.15412,
            47.74314,
            8.1
          ],
          [
            -122.15384,
            47.74293,
            8.1
          ],
          [
            -122.1536,
            47.74272,
            8.1
          ],
          [
            -122.15347,
            47.74257,
            8.2
          ],
          [
            -122.15328,
            47.74229,
            8.2
          ],
          [
            -122.15319,
            47.74213,
            8.2
          ],
          [
            -122.15312,
            47.74194,
            8.2
          ],
          [
            -122.15309,
            47.74183,
            8.2
          ],
          [
            -122.15306,
            47.74159,
            8.2
          ],
          [
            -122.15297,
            47.74105,
            8.2
          ],
          [
            -122.15291,
            47.74078,
            8.2
          ],
          [
            -122.15289,
            47.74073,
            8.2
          ],
          [
            -122.15268,
            47.74042,
            8.2
          ],
          [
            -122.1521,
            47.73966,
            8.2
          ],
          [
            -122.1515,
            47.73889,
            8.2
          ],
          [
            -122.15134,
            47.73874,
            8.3
          ],
          [
            -122.15099,
            47.73848,
            8.4
          ],
          [
            -122.1509,
            47.73836,
            8.4
          ],
          [
            -122.15056,
            47.73772,
            8.3
          ],
          [
            -122.15029,
            47.73732,
            8.2
          ],
          [
            -122.15001,
            47.73697,
            8.3
          ],
          [
            -122.14985,
            47.73681,
            8.3
          ],
          [
            -122.14978,
            47.73676,
            8.3
          ],
          [
            -122.14943,
            47.73659,
            8.4
          ],
          [
            -122.14929,
            47.7365,
            8.4
          ],
          [
            -122.14915,
            47.7364,
            8.3
          ],
          [
            -122.149,
            47.73632,
            8.3
          ],
          [
            -122.14869,
            47.73618,
            8.4
          ],
          [
            -122.14814,
            47.73595,
            8.5
          ],
          [
            -122.14784,
            47.73581,
            8.7
          ],
          [
            -122.14738,
            47.73557,
            9.3
          ],
          [
            -122.14706,
            47.7355,
            10
          ],
          [
            -122.14701,
            47.73546,
            10.1
          ],
          [
            -122.14697,
            47.73543,
            10.2
          ],
          [
            -122.14661,
            47.73522,
            11.3
          ],
          [
            -122.14642,
            47.73509,
            11.3
          ],
          [
            -122.14629,
            47.73499,
            11.4
          ],
          [
            -122.14613,
            47.73483,
            11.3
          ],
          [
            -122.1459,
            47.73466,
            11.4
          ],
          [
            -122.1457,
            47.73441,
            11.4
          ],
          [
            -122.14553,
            47.73414,
            11.5
          ],
          [
            -122.14546,
            47.734,
            11.5
          ],
          [
            -122.14539,
            47.7338,
            11.5
          ],
          [
            -122.14537,
            47.7337,
            11.6
          ],
          [
            -122.14536,
            47.73355,
            11.6
          ],
          [
            -122.14545,
            47.73303,
            11.1
          ],
          [
            -122.14545,
            47.73276,
            11
          ],
          [
            -122.14541,
            47.73267,
            11.3
          ],
          [
            -122.14537,
            47.73227,
            11.6
          ],
          [
            -122.14529,
            47.73205,
            11.5
          ],
          [
            -122.14522,
            47.73193,
            11.6
          ],
          [
            -122.14509,
            47.73177,
            11.6
          ],
          [
            -122.14434,
            47.73111,
            11.8
          ],
          [
            -122.14359,
            47.73044,
            11.9
          ],
          [
            -122.14342,
            47.73027,
            12
          ],
          [
            -122.14323,
            47.73,
            11.9
          ],
          [
            -122.14309,
            47.72976,
            11.6
          ],
          [
            -122.14306,
            47.72971,
            11.6
          ],
          [
            -122.14299,
            47.72968,
            11.7
          ],
          [
            -122.14292,
            47.72967,
            11.8
          ],
          [
            -122.14268,
            47.72964,
            12.2
          ],
          [
            -122.14263,
            47.72962,
            12.1
          ],
          [
            -122.14258,
            47.7296,
            12.1
          ],
          [
            -122.14252,
            47.72954,
            11.7
          ],
          [
            -122.14249,
            47.72947,
            11.2
          ],
          [
            -122.14249,
            47.72937,
            10.7
          ],
          [
            -122.14249,
            47.7293,
            10.4
          ],
          [
            -122.14251,
            47.72925,
            10.3
          ],
          [
            -122.14256,
            47.7292,
            10.6
          ],
          [
            -122.1428,
            47.729,
            11.2
          ],
          [
            -122.14285,
            47.72892,
            11.3
          ],
          [
            -122.14288,
            47.72882,
            11.3
          ],
          [
            -122.14293,
            47.72856,
            11.3
          ],
          [
            -122.14297,
            47.72829,
            11.3
          ],
          [
            -122.14297,
            47.72806,
            11.3
          ],
          [
            -122.14295,
            47.72766,
            11.3
          ],
          [
            -122.1429,
            47.72729,
            11.2
          ],
          [
            -122.14286,
            47.72708,
            11.2
          ],
          [
            -122.14274,
            47.72669,
            11.2
          ],
          [
            -122.14255,
            47.72625,
            11.2
          ],
          [
            -122.14237,
            47.72581,
            11.2
          ],
          [
            -122.14223,
            47.72534,
            10.7
          ],
          [
            -122.14218,
            47.7251,
            10.8
          ],
          [
            -122.14211,
            47.7247,
            10.9
          ],
          [
            -122.14211,
            47.72393,
            10.3
          ],
          [
            -122.14214,
            47.7232,
            10.6
          ],
          [
            -122.14216,
            47.72247,
            10.4
          ],
          [
            -122.14219,
            47.72174,
            10.2
          ],
          [
            -122.14221,
            47.72101,
            10.5
          ],
          [
            -122.14223,
            47.72046,
            10.4
          ],
          [
            -122.14224,
            47.71991,
            10.6
          ],
          [
            -122.14224,
            47.71991,
            10.6
          ],
          [
            -122.14226,
            47.71904,
            10.6
          ],
          [
            -122.14228,
            47.71816,
            8.2
          ],
          [
            -122.14232,
            47.71754,
            8.1
          ],
          [
            -122.14235,
            47.71682,
            8.3
          ],
          [
            -122.14237,
            47.71609,
            8.4
          ],
          [
            -122.14239,
            47.71537,
            10.6
          ],
          [
            -122.14241,
            47.71504,
            9.1
          ],
          [
            -122.14245,
            47.71467,
            8.2
          ],
          [
            -122.14248,
            47.71392,
            8.2
          ],
          [
            -122.1425,
            47.71317,
            8.3
          ],
          [
            -122.14253,
            47.71242,
            8.3
          ],
          [
            -122.14256,
            47.71166,
            9
          ],
          [
            -122.14257,
            47.71161,
            9.8
          ],
          [
            -122.1426,
            47.71152,
            10.4
          ],
          [
            -122.14264,
            47.71137,
            10.2
          ],
          [
            -122.14264,
            47.71118,
            10.3
          ],
          [
            -122.14261,
            47.71103,
            10.7
          ],
          [
            -122.14258,
            47.71095,
            10.7
          ],
          [
            -122.14252,
            47.71088,
            10
          ],
          [
            -122.14242,
            47.7108,
            9.7
          ],
          [
            -122.14237,
            47.71074,
            9.5
          ],
          [
            -122.14235,
            47.71066,
            9.3
          ],
          [
            -122.14235,
            47.71054,
            9
          ],
          [
            -122.14238,
            47.71046,
            8.8
          ],
          [
            -122.14241,
            47.71041,
            8.6
          ],
          [
            -122.14251,
            47.71032,
            8.4
          ],
          [
            -122.14254,
            47.71027,
            8.4
          ],
          [
            -122.14256,
            47.7102,
            8.4
          ],
          [
            -122.14259,
            47.70937,
            8.3
          ],
          [
            -122.14263,
            47.70855,
            8.3
          ],
          [
            -122.14266,
            47.70773,
            8.3
          ],
          [
            -122.1427,
            47.7069,
            8.3
          ],
          [
            -122.14273,
            47.7061,
            8.7
          ],
          [
            -122.14276,
            47.7053,
            10.9
          ],
          [
            -122.14278,
            47.7045,
            11.2
          ],
          [
            -122.14278,
            47.70416,
            10.3
          ],
          [
            -122.14278,
            47.70401,
            9.9
          ],
          [
            -122.14279,
            47.70377,
            9.4
          ],
          [
            -122.14282,
            47.70369,
            8.9
          ],
          [
            -122.14292,
            47.70351,
            8.5
          ],
          [
            -122.14321,
            47.70309,
            8.3
          ],
          [
            -122.1435,
            47.70267,
            8.3
          ],
          [
            -122.14356,
            47.70255,
            8.3
          ],
          [
            -122.14357,
            47.70242,
            8.3
          ],
          [
            -122.14357,
            47.7021,
            8.3
          ],
          [
            -122.14355,
            47.70182,
            8.4
          ],
          [
            -122.14342,
            47.70102,
            11.2
          ],
          [
            -122.1434,
            47.70084,
            11.3
          ],
          [
            -122.14341,
            47.70067,
            11.2
          ],
          [
            -122.14345,
            47.70052,
            11.1
          ],
          [
            -122.14351,
            47.70037,
            11.2
          ],
          [
            -122.14364,
            47.70013,
            11.3
          ],
          [
            -122.14387,
            47.69983,
            11.4
          ],
          [
            -122.14394,
            47.69972,
            11.4
          ],
          [
            -122.14398,
            47.69964,
            11.4
          ],
          [
            -122.144,
            47.69954,
            11.3
          ],
          [
            -122.14399,
            47.69937,
            11.3
          ],
          [
            -122.14396,
            47.6992,
            11.4
          ],
          [
            -122.14391,
            47.69907,
            11.5
          ],
          [
            -122.14385,
            47.69898,
            11.3
          ],
          [
            -122.14355,
            47.69869,
            11.2
          ],
          [
            -122.14274,
            47.69803,
            11.1
          ],
          [
            -122.14194,
            47.69738,
            11.1
          ],
          [
            -122.14114,
            47.69672,
            9.7
          ],
          [
            -122.14055,
            47.69631,
            8.5
          ],
          [
            -122.13995,
            47.69591,
            8.7
          ],
          [
            -122.13945,
            47.69556,
            8.9
          ],
          [
            -122.13922,
            47.69535,
            9
          ],
          [
            -122.13909,
            47.69518,
            9
          ],
          [
            -122.13901,
            47.69504,
            8.9
          ],
          [
            -122.13895,
            47.6949,
            8.7
          ],
          [
            -122.13887,
            47.69468,
            8.6
          ],
          [
            -122.13866,
            47.69392,
            8.5
          ],
          [
            -122.13861,
            47.69379,
            8.4
          ],
          [
            -122.13855,
            47.69367,
            8.5
          ],
          [
            -122.13845,
            47.69353,
            8.5
          ],
          [
            -122.13799,
            47.69318,
            8.5
          ],
          [
            -122.13718,
            47.69259,
            8.5
          ],
          [
            -122.13692,
            47.69237,
            8.5
          ],
          [
            -122.13675,
            47.6922,
            8.5
          ],
          [
            -122.13616,
            47.69147,
            8.6
          ],
          [
            -122.13583,
            47.69107,
            8.6
          ],
          [
            -122.1356,
            47.69084,
            8.6
          ],
          [
            -122.13536,
            47.69066,
            8.7
          ],
          [
            -122.13496,
            47.69042,
            8.7
          ],
          [
            -122.13468,
            47.69022,
            8.8
          ],
          [
            -122.13387,
            47.68953,
            8.7
          ],
          [
            -122.13366,
            47.68933,
            8.7
          ],
          [
            -122.13326,
            47.68891,
            8.7
          ],
          [
            -122.13306,
            47.68865,
            8.7
          ],
          [
            -122.13289,
            47.68839,
            8.6
          ],
          [
            -122.13274,
            47.68812,
            8.6
          ],
          [
            -122.13257,
            47.68774,
            8.6
          ],
          [
            -122.13235,
            47.68716,
            8.5
          ],
          [
            -122.1323,
            47.68697,
            8.5
          ],
          [
            -122.13225,
            47.6866,
            8.3
          ],
          [
            -122.13219,
            47.68612,
            8.5
          ],
          [
            -122.13218,
            47.68525,
            10.3
          ],
          [
            -122.13217,
            47.68439,
            8.4
          ],
          [
            -122.13216,
            47.68352,
            10.7
          ],
          [
            -122.13214,
            47.68265,
            11.1
          ],
          [
            -122.13211,
            47.68232,
            11.2
          ],
          [
            -122.13212,
            47.68205,
            11.3
          ],
          [
            -122.13215,
            47.68183,
            11.1
          ],
          [
            -122.13212,
            47.68151,
            11.3
          ],
          [
            -122.13205,
            47.6812,
            11.3
          ],
          [
            -122.13203,
            47.68056,
            11.2
          ],
          [
            -122.13201,
            47.68045,
            11.2
          ],
          [
            -122.13195,
            47.6802,
            11.1
          ],
          [
            -122.13192,
            47.68003,
            11.1
          ],
          [
            -122.13194,
            47.67986,
            11.2
          ],
          [
            -122.13201,
            47.67955,
            11.2
          ],
          [
            -122.13205,
            47.67944,
            11.2
          ],
          [
            -122.13208,
            47.6793,
            11.2
          ],
          [
            -122.13208,
            47.67895,
            11.1
          ],
          [
            -122.13206,
            47.67819,
            9
          ],
          [
            -122.13203,
            47.67773,
            10.1
          ],
          [
            -122.13199,
            47.67727,
            10.6
          ],
          [
            -122.13198,
            47.67707,
            10.6
          ],
          [
            -122.13201,
            47.67675,
            10.5
          ],
          [
            -122.13196,
            47.67641,
            11.1
          ],
          [
            -122.13195,
            47.67625,
            11.3
          ],
          [
            -122.13197,
            47.67614,
            11.2
          ],
          [
            -122.132,
            47.67603,
            11.1
          ],
          [
            -122.13206,
            47.67588,
            10.8
          ],
          [
            -122.13228,
            47.67545,
            10.3
          ],
          [
            -122.1325,
            47.67502,
            11
          ],
          [
            -122.13251,
            47.67496,
            11
          ],
          [
            -122.1325,
            47.6749,
            11.1
          ],
          [
            -122.13247,
            47.67485,
            10.9
          ],
          [
            -122.13232,
            47.67466,
            10.2
          ],
          [
            -122.13217,
            47.67438,
            9.4
          ],
          [
            -122.13208,
            47.67419,
            9.2
          ],
          [
            -122.13201,
            47.67388,
            9.9
          ],
          [
            -122.13203,
            47.67375,
            10.7
          ],
          [
            -122.13194,
            47.67344,
            13.3
          ],
          [
            -122.13196,
            47.67336,
            13
          ],
          [
            -122.13201,
            47.67325,
            12.4
          ],
          [
            -122.13217,
            47.673,
            11.8
          ],
          [
            -122.13221,
            47.67292,
            12
          ],
          [
            -122.13222,
            47.67282,
            13
          ],
          [
            -122.13219,
            47.67259,
            13.7
          ],
          [
            -122.1321,
            47.67235,
            14
          ],
          [
            -122.13203,
            47.67223,
            14
          ],
          [
            -122.13182,
            47.67199,
            14.1
          ],
          [
            -122.1317,
            47.67191,
            14.3
          ],
          [
            -122.13157,
            47.67184,
            14.8
          ],
          [
            -122.131417,
            47.671769,
            15
          ],
          [
            -122.13138,
            47.67176,
            15
          ],
          [
            -122.13058,
            47.67139,
            13.8
          ],
          [
            -122.12979,
            47.67102,
            11.3
          ],
          [
            -122.12953,
            47.67095,
            11.5
          ],
          [
            -122.12934,
            47.67092,
            11.4
          ],
          [
            -122.12916,
            47.67092,
            11.5
          ],
          [
            -122.12869,
            47.67096,
            13
          ],
          [
            -122.12862,
            47.67096,
            13.1
          ],
          [
            -122.12805,
            47.67086,
            13.8
          ],
          [
            -122.12775,
            47.67084,
            12.9
          ],
          [
            -122.12769,
            47.67083,
            12.8
          ],
          [
            -122.12769,
            47.67079,
            12.6
          ],
          [
            -122.12772,
            47.67077,
            12.5
          ],
          [
            -122.12814,
            47.67049,
            10.8
          ],
          [
            -122.12822,
            47.67044,
            10.5
          ],
          [
            -122.12827,
            47.67043,
            10.4
          ],
          [
            -122.12849,
            47.67049,
            9.8
          ],
          [
            -122.1285,
            47.67052,
            9.3
          ],
          [
            -122.12848,
            47.67054,
            8.9
          ],
          [
            -122.12844,
            47.67055,
            8.6
          ],
          [
            -122.12827,
            47.67056,
            8.1
          ],
          [
            -122.1282,
            47.67056,
            8.1
          ],
          [
            -122.12805,
            47.67052,
            8.4
          ],
          [
            -122.12781,
            47.67035,
            8.2
          ],
          [
            -122.12762,
            47.67008,
            8.8
          ],
          [
            -122.12753,
            47.67003,
            8.5
          ],
          [
            -122.12745,
            47.66997,
            8.3
          ],
          [
            -122.12734,
            47.66982,
            8.2
          ],
          [
            -122.12722,
            47.66964,
            8.4
          ],
          [
            -122.12713,
            47.66947,
            8.8
          ],
          [
            -122.12706,
            47.66923,
            9.4
          ],
          [
            -122.12692,
            47.66864,
            9.4
          ],
          [
            -122.12678,
            47.66805,
            10.1
          ],
          [
            -122.12666,
            47.66731,
            11.9
          ],
          [
            -122.12645,
            47.66669,
            10.6
          ],
          [
            -122.12636,
            47.66635,
            10.2
          ],
          [
            -122.12628,
            47.666,
            10
          ],
          [
            -122.12628,
            47.66596,
            10
          ],
          [
            -122.12632,
            47.66585,
            10.2
          ],
          [
            -122.12681,
            47.66507,
            12.7
          ],
          [
            -122.12692,
            47.66483,
            11.7
          ],
          [
            -122.12697,
            47.66459,
            10.8
          ],
          [
            -122.12697,
            47.66434,
            9.4
          ],
          [
            -122.12695,
            47.66421,
            9.2
          ],
          [
            -122.12692,
            47.66409,
            9.1
          ],
          [
            -122.12681,
            47.6638,
            9.5
          ],
          [
            -122.12666,
            47.66343,
            10.5
          ],
          [
            -122.12641,
            47.66306,
            10
          ],
          [
            -122.1262,
            47.66281,
            11
          ],
          [
            -122.12587,
            47.66259,
            11.1
          ],
          [
            -122.12576,
            47.66268,
            11.1
          ],
          [
            -122.12533,
            47.66309,
            11.4
          ],
          [
            -122.12527,
            47.66318,
            11.4
          ],
          [
            -122.12523,
            47.66327,
            11.5
          ],
          [
            -122.12497,
            47.66333,
            11.4
          ],
          [
            -122.12482,
            47.66328,
            11.2
          ],
          [
            -122.12453,
            47.66313,
            11.1
          ],
          [
            -122.12327,
            47.66291,
            11.4
          ],
          [
            -122.12323,
            47.6629,
            11.4
          ],
          [
            -122.12318,
            47.66291,
            11.4
          ],
          [
            -122.12309,
            47.66293,
            11.4
          ],
          [
            -122.123,
            47.66297,
            11.4
          ],
          [
            -122.12284,
            47.66307,
            11.5
          ],
          [
            -122.12267,
            47.66324,
            11.5
          ],
          [
            -122.12261,
            47.66333,
            11.4
          ],
          [
            -122.12251,
            47.66354,
            11.3
          ],
          [
            -122.12246,
            47.6636,
            11.2
          ],
          [
            -122.12234,
            47.66371,
            11.1
          ],
          [
            -122.12211,
            47.66384,
            11.1
          ],
          [
            -122.12201,
            47.66388,
            11.2
          ],
          [
            -122.12148,
            47.66396,
            11.8
          ],
          [
            -122.12135,
            47.66398,
            12
          ],
          [
            -122.12077,
            47.66407,
            12.2
          ],
          [
            -122.12032,
            47.66411,
            12.3
          ],
          [
            -122.12018,
            47.66411,
            12.3
          ],
          [
            -122.12006,
            47.6641,
            12.3
          ],
          [
            -122.11936,
            47.66406,
            12.4
          ],
          [
            -122.11913,
            47.66406,
            12.4
          ],
          [
            -122.11877,
            47.6641,
            12.5
          ],
          [
            -122.11859,
            47.66408,
            12.4
          ],
          [
            -122.11834,
            47.66404,
            12.4
          ],
          [
            -122.11816,
            47.66404,
            12.4
          ],
          [
            -122.11802,
            47.66407,
            12.4
          ],
          [
            -122.11782,
            47.66416,
            12.5
          ],
          [
            -122.11741,
            47.66443,
            12.4
          ],
          [
            -122.11716,
            47.66453,
            12.5
          ],
          [
            -122.11694,
            47.66459,
            12.5
          ],
          [
            -122.11675,
            47.66462,
            12.4
          ],
          [
            -122.11655,
            47.66462,
            12.4
          ],
          [
            -122.11633,
            47.66461,
            12.4
          ],
          [
            -122.11618,
            47.66457,
            12.3
          ],
          [
            -122.11604,
            47.66452,
            12.3
          ],
          [
            -122.11577,
            47.6644,
            12.1
          ],
          [
            -122.1155,
            47.66425,
            11.9
          ],
          [
            -122.11504,
            47.6641,
            11.4
          ],
          [
            -122.11482,
            47.66407,
            11.3
          ],
          [
            -122.1145,
            47.66406,
            11.3
          ],
          [
            -122.11436,
            47.66406,
            11.3
          ],
          [
            -122.11385,
            47.66406,
            11.2
          ],
          [
            -122.11371,
            47.66405,
            11.2
          ],
          [
            -122.11366,
            47.66404,
            11.2
          ],
          [
            -122.11361,
            47.66403,
            11.2
          ],
          [
            -122.1132,
            47.66396,
            11.2
          ],
          [
            -122.11294,
            47.66394,
            11.2
          ],
          [
            -122.11288,
            47.66392,
            11.2
          ],
          [
            -122.11258,
            47.66381,
            11.2
          ],
          [
            -122.11236,
            47.66369,
            11.2
          ],
          [
            -122.11218,
            47.66356,
            11.2
          ],
          [
            -122.11198,
            47.66337,
            11.3
          ],
          [
            -122.11167,
            47.663,
            11.4
          ],
          [
            -122.11161,
            47.66291,
            11.4
          ],
          [
            -122.11146,
            47.66263,
            11.4
          ],
          [
            -122.11114,
            47.66224,
            11.5
          ],
          [
            -122.11101,
            47.66209,
            11.6
          ],
          [
            -122.11047,
            47.66146,
            12.1
          ],
          [
            -122.11027,
            47.66129,
            12.2
          ],
          [
            -122.11013,
            47.6612,
            12.3
          ],
          [
            -122.10999,
            47.66112,
            12.3
          ],
          [
            -122.10986,
            47.66107,
            12.3
          ],
          [
            -122.10966,
            47.66103,
            12.3
          ],
          [
            -122.10886,
            47.66099,
            12.6
          ],
          [
            -122.10857,
            47.66101,
            12.7
          ],
          [
            -122.1083,
            47.661,
            12.7
          ],
          [
            -122.1079,
            47.66095,
            12.8
          ],
          [
            -122.10767,
            47.66094,
            12.8
          ],
          [
            -122.10737,
            47.66094,
            12.9
          ],
          [
            -122.10722,
            47.66095,
            12.9
          ],
          [
            -122.10707,
            47.66098,
            12.9
          ],
          [
            -122.107,
            47.66101,
            13
          ],
          [
            -122.10693,
            47.66108,
            13
          ],
          [
            -122.10686,
            47.66112,
            13
          ],
          [
            -122.10678,
            47.66115,
            13
          ],
          [
            -122.10671,
            47.66116,
            13
          ],
          [
            -122.10663,
            47.66116,
            13
          ],
          [
            -122.1066,
            47.66115,
            13
          ],
          [
            -122.10647,
            47.66106,
            13
          ],
          [
            -122.10644,
            47.66106,
            13
          ],
          [
            -122.10631,
            47.66108,
            13
          ],
          [
            -122.10599,
            47.66122,
            13.1
          ],
          [
            -122.10587,
            47.66125,
            13.1
          ],
          [
            -122.10575,
            47.66127,
            13.1
          ],
          [
            -122.10559,
            47.66128,
            13.1
          ],
          [
            -122.10548,
            47.66127,
            13
          ],
          [
            -122.10502,
            47.66117,
            13
          ],
          [
            -122.10492,
            47.66116,
            13
          ],
          [
            -122.10472,
            47.66116,
            13
          ],
          [
            -122.10455,
            47.66117,
            13.1
          ],
          [
            -122.10439,
            47.6612,
            13.1
          ],
          [
            -122.10405,
            47.66131,
            13.3
          ],
          [
            -122.10354,
            47.66159,
            13.5
          ],
          [
            -122.10337,
            47.66167,
            13.6
          ],
          [
            -122.10323,
            47.66172,
            13.6
          ],
          [
            -122.10308,
            47.66176,
            13.7
          ],
          [
            -122.10291,
            47.66178,
            13.7
          ],
          [
            -122.10274,
            47.6618,
            13.8
          ],
          [
            -122.10256,
            47.66179,
            13.8
          ],
          [
            -122.10242,
            47.66177,
            13.7
          ],
          [
            -122.1022,
            47.66171,
            13.7
          ],
          [
            -122.10187,
            47.66153,
            13.6
          ],
          [
            -122.10173,
            47.6615,
            13.6
          ],
          [
            -122.10089,
            47.6613,
            13.5
          ],
          [
            -122.10006,
            47.6611,
            13.4
          ],
          [
            -122.09985,
            47.66107,
            13.4
          ],
          [
            -122.09977,
            47.66108,
            13.4
          ],
          [
            -122.09968,
            47.66111,
            13.5
          ],
          [
            -122.09944,
            47.66126,
            13.9
          ],
          [
            -122.09932,
            47.6613,
            14
          ],
          [
            -122.09907,
            47.66135,
            14.3
          ],
          [
            -122.0986,
            47.66142,
            14.7
          ],
          [
            -122.09843,
            47.66138,
            14.7
          ],
          [
            -122.09836,
            47.66133,
            14.6
          ],
          [
            -122.09821,
            47.66126,
            14.7
          ],
          [
            -122.09809,
            47.66125,
            14.9
          ],
          [
            -122.09777,
            47.66132,
            15.3
          ],
          [
            -122.09759,
            47.66139,
            15.4
          ],
          [
            -122.09704,
            47.66087,
            15.9
          ],
          [
            -122.09669,
            47.66055,
            16.1
          ],
          [
            -122.09641,
            47.66024,
            16.1
          ],
          [
            -122.09621,
            47.65997,
            15.9
          ],
          [
            -122.0958,
            47.65931,
            15.6
          ],
          [
            -122.0954,
            47.65865,
            15.5
          ],
          [
            -122.09506,
            47.65812,
            15.6
          ],
          [
            -122.09488,
            47.65778,
            15.7
          ],
          [
            -122.09488,
            47.65778,
            15.7
          ],
          [
            -122.09488,
            47.65778,
            15.7
          ],
          [
            -122.09467,
            47.6573,
            15.5
          ],
          [
            -122.09447,
            47.65683,
            15.3
          ],
          [
            -122.09434,
            47.65661,
            15.3
          ],
          [
            -122.09415,
            47.65637,
            15.4
          ],
          [
            -122.09392,
            47.65614,
            15.3
          ],
          [
            -122.09362,
            47.65591,
            15.3
          ],
          [
            -122.09326,
            47.6557,
            15.7
          ],
          [
            -122.09263,
            47.6553,
            15.8
          ],
          [
            -122.09241,
            47.65511,
            15.6
          ],
          [
            -122.09222,
            47.65493,
            15.5
          ],
          [
            -122.09206,
            47.65475,
            15.7
          ],
          [
            -122.09177,
            47.65434,
            15.8
          ],
          [
            -122.0915,
            47.65394,
            15.7
          ],
          [
            -122.09145,
            47.65387,
            15.7
          ],
          [
            -122.09105,
            47.65327,
            15.8
          ],
          [
            -122.09065,
            47.65268,
            17.6
          ],
          [
            -122.09025,
            47.65209,
            17.8
          ],
          [
            -122.09008,
            47.65171,
            16.4
          ],
          [
            -122.08995,
            47.6513,
            15
          ],
          [
            -122.08973,
            47.6505,
            14.7
          ],
          [
            -122.08965,
            47.65031,
            14.5
          ],
          [
            -122.08953,
            47.65009,
            14.5
          ],
          [
            -122.08939,
            47.64989,
            14.7
          ],
          [
            -122.08925,
            47.64973,
            14.7
          ],
          [
            -122.08912,
            47.64961,
            15
          ],
          [
            -122.08892,
            47.64943,
            15.3
          ],
          [
            -122.0887,
            47.64926,
            15.6
          ],
          [
            -122.08821,
            47.64885,
            15.5
          ],
          [
            -122.08748,
            47.64825,
            15.3
          ],
          [
            -122.08701,
            47.64783,
            15.4
          ],
          [
            -122.08675,
            47.64756,
            15.7
          ],
          [
            -122.08654,
            47.6473,
            15.3
          ],
          [
            -122.08626,
            47.64688,
            15.4
          ],
          [
            -122.08597,
            47.64646,
            15.5
          ],
          [
            -122.08584,
            47.64631,
            15.7
          ],
          [
            -122.0857,
            47.64616,
            15.8
          ],
          [
            -122.08552,
            47.64602,
            16.4
          ],
          [
            -122.08499,
            47.64567,
            16.8
          ],
          [
            -122.08446,
            47.64533,
            16.9
          ],
          [
            -122.08392,
            47.64491,
            16.5
          ],
          [
            -122.08378,
            47.64478,
            16.3
          ],
          [
            -122.08355,
            47.64452,
            16
          ],
          [
            -122.08291,
            47.64384,
            16.3
          ],
          [
            -122.08249,
            47.64343,
            14.4
          ],
          [
            -122.08192,
            47.64279,
            14
          ],
          [
            -122.08135,
            47.64215,
            14.4
          ],
          [
            -122.08078,
            47.64151,
            16.2
          ],
          [
            -122.08035,
            47.64106,
            16.1
          ],
          [
            -122.08,
            47.64074,
            16
          ],
          [
            -122.07964,
            47.64046,
            16
          ],
          [
            -122.07907,
            47.64006,
            15.9
          ],
          [
            -122.07834,
            47.63956,
            15.9
          ],
          [
            -122.07757,
            47.63901,
            15.8
          ],
          [
            -122.0768,
            47.63847,
            15.9
          ],
          [
            -122.076,
            47.63792,
            16.3
          ],
          [
            -122.07536,
            47.63746,
            16.2
          ],
          [
            -122.07472,
            47.637,
            16.2
          ],
          [
            -122.07408,
            47.63654,
            16.8
          ],
          [
            -122.07356,
            47.63603,
            17.2
          ],
          [
            -122.07328,
            47.6357,
            18.9
          ],
          [
            -122.0731,
            47.63543,
            18.5
          ],
          [
            -122.07274,
            47.63496,
            18.6
          ],
          [
            -122.0727,
            47.63492,
            18.9
          ],
          [
            -122.07254,
            47.63484,
            20.7
          ],
          [
            -122.07221,
            47.63439,
            20
          ],
          [
            -122.07188,
            47.63394,
            19.7
          ],
          [
            -122.07184,
            47.63377,
            17.4
          ],
          [
            -122.0714,
            47.63323,
            18.7
          ],
          [
            -122.07121,
            47.63295,
            19.2
          ],
          [
            -122.07097,
            47.63252,
            19.4
          ],
          [
            -122.07075,
            47.6317,
            16.6
          ],
          [
            -122.07067,
            47.6311,
            16
          ],
          [
            -122.07065,
            47.63045,
            15.6
          ],
          [
            -122.07062,
            47.6298,
            16.6
          ],
          [
            -122.0706,
            47.62914,
            16.7
          ],
          [
            -122.07058,
            47.62863,
            16.4
          ],
          [
            -122.07055,
            47.62812,
            17
          ],
          [
            -122.07053,
            47.6276,
            17.2
          ],
          [
            -122.07052,
            47.62708,
            16.9
          ],
          [
            -122.07052,
            47.62658,
            17.4
          ],
          [
            -122.07054,
            47.62631,
            17.3
          ],
          [
            -122.07065,
            47.62599,
            16.1
          ],
          [
            -122.07071,
            47.62591,
            15.7
          ],
          [
            -122.07095,
            47.62542,
            15.7
          ],
          [
            -122.07108,
            47.62518,
            15.4
          ],
          [
            -122.07022,
            47.62514,
            24.3
          ],
          [
            -122.07027,
            47.62459,
            23.8
          ],
          [
            -122.07035,
            47.62406,
            23
          ],
          [
            -122.07035,
            47.62387,
            22.8
          ],
          [
            -122.07033,
            47.62366,
            22.7
          ],
          [
            -122.0703,
            47.62354,
            22.8
          ],
          [
            -122.07024,
            47.62336,
            22.8
          ],
          [
            -122.07013,
            47.62314,
            23.1
          ],
          [
            -122.07002,
            47.62298,
            23.4
          ],
          [
            -122.06982,
            47.62273,
            24
          ],
          [
            -122.06968,
            47.62248,
            23.7
          ],
          [
            -122.06955,
            47.62235,
            23.9
          ],
          [
            -122.06932,
            47.62214,
            24.7
          ],
          [
            -122.06899,
            47.62172,
            25.6
          ],
          [
            -122.06868,
            47.62101,
            24.1
          ],
          [
            -122.06851,
            47.62056,
            23.6
          ],
          [
            -122.06823,
            47.61975,
            19.9
          ],
          [
            -122.06796,
            47.61894,
            19.2
          ],
          [
            -122.06768,
            47.61813,
            20.1
          ],
          [
            -122.06759,
            47.61783,
            20.2
          ],
          [
            -122.06757,
            47.61767,
            20.4
          ],
          [
            -122.06757,
            47.61749,
            20
          ],
          [
            -122.06761,
            47.61711,
            18.9
          ],
          [
            -122.0677,
            47.61639,
            18.3
          ],
          [
            -122.0678,
            47.61568,
            17.9
          ],
          [
            -122.0679,
            47.61496,
            17.6
          ],
          [
            -122.06797,
            47.61494,
            17.2
          ],
          [
            -122.068,
            47.61491,
            17
          ],
          [
            -122.06813,
            47.61471,
            16.4
          ],
          [
            -122.06817,
            47.61468,
            16.2
          ],
          [
            -122.06826,
            47.61468,
            15.7
          ],
          [
            -122.06838,
            47.6139,
            15.4
          ],
          [
            -122.06849,
            47.61312,
            15.1
          ],
          [
            -122.06856,
            47.61278,
            15.1
          ],
          [
            -122.06863,
            47.61258,
            14.9
          ],
          [
            -122.0687,
            47.61241,
            14.6
          ],
          [
            -122.06882,
            47.61217,
            13.9
          ],
          [
            -122.06894,
            47.61197,
            13.1
          ],
          [
            -122.06911,
            47.61173,
            12.4
          ],
          [
            -122.06927,
            47.61154,
            12.1
          ],
          [
            -122.06941,
            47.61139,
            12.2
          ],
          [
            -122.07011,
            47.61078,
            12.2
          ],
          [
            -122.0708,
            47.61016,
            12.3
          ],
          [
            -122.07111,
            47.60985,
            12.7
          ],
          [
            -122.07188,
            47.60917,
            12.6
          ],
          [
            -122.07264,
            47.6085,
            12.2
          ],
          [
            -122.07302,
            47.6082,
            12.1
          ],
          [
            -122.0737,
            47.60757,
            12.5
          ],
          [
            -122.0743,
            47.60704,
            12.3
          ],
          [
            -122.0749,
            47.60651,
            12.2
          ],
          [
            -122.07499,
            47.60643,
            12.2
          ],
          [
            -122.07499,
            47.60643,
            12.2
          ],
          [
            -122.0757,
            47.60584,
            12
          ],
          [
            -122.07584,
            47.60569,
            12.4
          ],
          [
            -122.07629,
            47.60529,
            13.9
          ],
          [
            -122.07674,
            47.60489,
            14.2
          ],
          [
            -122.07727,
            47.60437,
            14.1
          ],
          [
            -122.07758,
            47.60409,
            13.9
          ],
          [
            -122.07784,
            47.60377,
            14
          ],
          [
            -122.07812,
            47.6035,
            14
          ],
          [
            -122.07874,
            47.60275,
            13.8
          ],
          [
            -122.07884,
            47.60258,
            13.9
          ],
          [
            -122.07894,
            47.60244,
            14
          ],
          [
            -122.07914,
            47.60219,
            14
          ],
          [
            -122.0793,
            47.60195,
            13.9
          ],
          [
            -122.07966,
            47.60137,
            13.6
          ],
          [
            -122.07997,
            47.60081,
            13.5
          ],
          [
            -122.08013,
            47.60048,
            13.4
          ],
          [
            -122.08019,
            47.60034,
            13.3
          ],
          [
            -122.08021,
            47.60025,
            13.4
          ],
          [
            -122.08033,
            47.59999,
            14
          ],
          [
            -122.08042,
            47.5998,
            15.4
          ],
          [
            -122.08052,
            47.59964,
            15.8
          ],
          [
            -122.08065,
            47.59938,
            15.4
          ],
          [
            -122.08082,
            47.59895,
            15.9
          ],
          [
            -122.08105,
            47.59844,
            16.3
          ],
          [
            -122.08128,
            47.59794,
            16.1
          ],
          [
            -122.0814,
            47.5977,
            16.1
          ],
          [
            -122.08156,
            47.59743,
            15.8
          ],
          [
            -122.0818,
            47.59712,
            15.2
          ],
          [
            -122.08208,
            47.59681,
            14.7
          ],
          [
            -122.08255,
            47.59643,
            13.8
          ],
          [
            -122.08292,
            47.59618,
            13.2
          ],
          [
            -122.08311,
            47.59607,
            12.8
          ],
          [
            -122.08331,
            47.59597,
            12.6
          ],
          [
            -122.08437,
            47.59548,
            13.1
          ],
          [
            -122.08458,
            47.59535,
            14.1
          ],
          [
            -122.08498,
            47.59507,
            14.9
          ],
          [
            -122.08508,
            47.59499,
            14.6
          ],
          [
            -122.08517,
            47.59489,
            14.5
          ],
          [
            -122.08538,
            47.59463,
            14.1
          ],
          [
            -122.08548,
            47.59447,
            14.3
          ],
          [
            -122.08567,
            47.59393,
            14.9
          ],
          [
            -122.08586,
            47.59338,
            15
          ],
          [
            -122.08591,
            47.59327,
            15
          ],
          [
            -122.08612,
            47.59293,
            14.5
          ],
          [
            -122.0863,
            47.59269,
            14.3
          ],
          [
            -122.08648,
            47.59249,
            14.1
          ],
          [
            -122.0867,
            47.59226,
            13.8
          ],
          [
            -122.08714,
            47.59186,
            13.6
          ],
          [
            -122.08729,
            47.59171,
            13.5
          ],
          [
            -122.08736,
            47.59162,
            13.7
          ],
          [
            -122.08749,
            47.59138,
            14.7
          ],
          [
            -122.08756,
            47.59116,
            16.2
          ],
          [
            -122.08758,
            47.59104,
            17.1
          ],
          [
            -122.08758,
            47.59088,
            18.2
          ],
          [
            -122.08756,
            47.59063,
            18.6
          ],
          [
            -122.08751,
            47.59049,
            18.4
          ],
          [
            -122.08744,
            47.59036,
            18.3
          ],
          [
            -122.08684,
            47.58958,
            15.1
          ],
          [
            -122.08624,
            47.58879,
            15.1
          ],
          [
            -122.08613,
            47.58862,
            15.6
          ],
          [
            -122.08605,
            47.58848,
            15.6
          ],
          [
            -122.08589,
            47.58828,
            16
          ],
          [
            -122.08539,
            47.58763,
            19.6
          ],
          [
            -122.08489,
            47.58696,
            19.1
          ],
          [
            -122.08457,
            47.58656,
            18.6
          ],
          [
            -122.08436,
            47.58626,
            18.2
          ],
          [
            -122.0843,
            47.58615,
            18.1
          ],
          [
            -122.08417,
            47.58579,
            18
          ],
          [
            -122.08414,
            47.58563,
            17.9
          ],
          [
            -122.08413,
            47.58521,
            18
          ],
          [
            -122.08409,
            47.58473,
            18
          ],
          [
            -122.08404,
            47.5845,
            18.1
          ],
          [
            -122.08397,
            47.58431,
            18.1
          ],
          [
            -122.08384,
            47.5841,
            18.5
          ],
          [
            -122.08337,
            47.58338,
            19.9
          ],
          [
            -122.08289,
            47.58275,
            22
          ],
          [
            -122.08277,
            47.58263,
            22.3
          ],
          [
            -122.08267,
            47.58255,
            22.5
          ],
          [
            -122.08233,
            47.58232,
            22.9
          ],
          [
            -122.0822,
            47.58225,
            23.3
          ],
          [
            -122.08116,
            47.58184,
            24
          ],
          [
            -122.08081,
            47.58171,
            21.7
          ],
          [
            -122.08057,
            47.58164,
            21.3
          ],
          [
            -122.08025,
            47.58156,
            21
          ],
          [
            -122.07968,
            47.58147,
            21.4
          ],
          [
            -122.07904,
            47.58139,
            22.1
          ],
          [
            -122.0788,
            47.58135,
            22.1
          ],
          [
            -122.07851,
            47.58129,
            21.6
          ],
          [
            -122.07792,
            47.58112,
            18.4
          ],
          [
            -122.07752,
            47.58098,
            18.4
          ],
          [
            -122.07722,
            47.58086,
            18.5
          ],
          [
            -122.07698,
            47.58075,
            18.6
          ],
          [
            -122.07672,
            47.5806,
            18.4
          ],
          [
            -122.07649,
            47.58047,
            18.3
          ],
          [
            -122.07614,
            47.58023,
            18.4
          ],
          [
            -122.07582,
            47.57995,
            18.3
          ],
          [
            -122.07548,
            47.57959,
            18.5
          ],
          [
            -122.07531,
            47.57936,
            18.5
          ],
          [
            -122.07504,
            47.5789,
            17.9
          ],
          [
            -122.07471,
            47.57826,
            18
          ],
          [
            -122.07437,
            47.57762,
            18
          ],
          [
            -122.07403,
            47.57698,
            21.1
          ],
          [
            -122.07369,
            47.57634,
            21.6
          ],
          [
            -122.07346,
            47.57597,
            21.5
          ],
          [
            -122.07324,
            47.57571,
            21.5
          ],
          [
            -122.07292,
            47.57544,
            21.5
          ],
          [
            -122.07241,
            47.57514,
            21.9
          ],
          [
            -122.0721,
            47.57498,
            21.9
          ],
          [
            -122.07194,
            47.57485,
            21.1
          ],
          [
            -122.07131,
            47.57454,
            21.4
          ],
          [
            -122.07106,
            47.5744,
            21.5
          ],
          [
            -122.07074,
            47.57417,
            21.3
          ],
          [
            -122.07041,
            47.57391,
            21.2
          ],
          [
            -122.07001,
            47.57358,
            21.6
          ],
          [
            -122.06944,
            47.57305,
            22.1
          ],
          [
            -122.06895,
            47.57261,
            22.1
          ],
          [
            -122.06847,
            47.57217,
            22
          ],
          [
            -122.06797,
            47.57176,
            21.8
          ],
          [
            -122.06713,
            47.57115,
            17.7
          ],
          [
            -122.06703,
            47.57109,
            17.1
          ],
          [
            -122.06654,
            47.57081,
            16.3
          ],
          [
            -122.06575,
            47.5704,
            16.4
          ],
          [
            -122.06503,
            47.57006,
            16.4
          ],
          [
            -122.06463,
            47.5699,
            16.4
          ],
          [
            -122.06416,
            47.56972,
            16.4
          ],
          [
            -122.06409,
            47.56969,
            16.4
          ],
          [
            -122.06393,
            47.56964,
            16.5
          ],
          [
            -122.06351,
            47.56949,
            16.3
          ],
          [
            -122.06301,
            47.56935,
            16.4
          ],
          [
            -122.06241,
            47.56918,
            16.3
          ],
          [
            -122.06148,
            47.56895,
            17
          ],
          [
            -122.06062,
            47.56877,
            17.1
          ],
          [
            -122.0598,
            47.56863,
            17.1
          ],
          [
            -122.05897,
            47.56849,
            17
          ],
          [
            -122.0577,
            47.56829,
            16.4
          ],
          [
            -122.05725,
            47.5682,
            16
          ],
          [
            -122.05707,
            47.56817,
            16.1
          ],
          [
            -122.05646,
            47.56804,
            16.3
          ],
          [
            -122.0562,
            47.56797,
            16.2
          ],
          [
            -122.05602,
            47.56791,
            16.3
          ],
          [
            -122.05552,
            47.56771,
            16.2
          ],
          [
            -122.05523,
            47.56759,
            16.1
          ],
          [
            -122.05482,
            47.56739,
            14.9
          ],
          [
            -122.05461,
            47.56725,
            14.1
          ],
          [
            -122.05425,
            47.567,
            13.4
          ],
          [
            -122.05365,
            47.56645,
            12.1
          ],
          [
            -122.05346,
            47.56623,
            12.5
          ],
          [
            -122.05314,
            47.56575,
            13.2
          ],
          [
            -122.05274,
            47.56521,
            13.8
          ],
          [
            -122.05268,
            47.56502,
            13.9
          ],
          [
            -122.05262,
            47.56495,
            14
          ],
          [
            -122.05256,
            47.56486,
            14.1
          ],
          [
            -122.05251,
            47.56479,
            14.2
          ],
          [
            -122.05235,
            47.56465,
            14.6
          ],
          [
            -122.05192,
            47.56408,
            14.2
          ],
          [
            -122.0514,
            47.56337,
            13.9
          ],
          [
            -122.05088,
            47.56266,
            14.4
          ],
          [
            -122.05036,
            47.56193,
            14.6
          ],
          [
            -122.04984,
            47.56121,
            15
          ],
          [
            -122.04932,
            47.56048,
            15.8
          ],
          [
            -122.0488,
            47.55976,
            16.2
          ],
          [
            -122.04828,
            47.55903,
            16.2
          ],
          [
            -122.04803,
            47.55873,
            15.5
          ],
          [
            -122.04759,
            47.55812,
            15.6
          ],
          [
            -122.04714,
            47.55751,
            15.7
          ],
          [
            -122.0467,
            47.55691,
            15.7
          ],
          [
            -122.04666,
            47.55687,
            15.6
          ],
          [
            -122.04659,
            47.55682,
            15.7
          ],
          [
            -122.04648,
            47.55677,
            15.8
          ],
          [
            -122.04637,
            47.5566,
            15.7
          ],
          [
            -122.0464,
            47.55651,
            15.6
          ],
          [
            -122.04636,
            47.55642,
            15.7
          ],
          [
            -122.04602,
            47.55595,
            15.8
          ],
          [
            -122.04568,
            47.55547,
            15.5
          ],
          [
            -122.04531,
            47.55483,
            15.3
          ],
          [
            -122.04508,
            47.55436,
            15.5
          ],
          [
            -122.04477,
            47.5536,
            15.9
          ],
          [
            -122.04445,
            47.55284,
            16.1
          ],
          [
            -122.04414,
            47.55208,
            16.1
          ],
          [
            -122.04429,
            47.55207,
            16.1
          ]
        ]
      }
    }
  ]
}
